source,target,weight
183_THE_CORMORANT_AND_THE_FISHES,Cormorant,4
183_THE_CORMORANT_AND_THE_FISHES,Cray-fish,2
183_THE_CORMORANT_AND_THE_FISHES,fish,6
108_THE_COCKEREL_THE_CAT_AND_THE_LITTLE_RAT,Rat,5
108_THE_COCKEREL_THE_CAT_AND_THE_LITTLE_RAT,Capon,1
108_THE_COCKEREL_THE_CAT_AND_THE_LITTLE_RAT,Cat,2
142_THE_HEAD_AND_THE_TAIL_OF_THE_SERPENT,Snake,5
142_THE_HEAD_AND_THE_TAIL_OF_THE_SERPENT,Head,3
142_THE_HEAD_AND_THE_TAIL_OF_THE_SERPENT,Tail,5
142_THE_HEAD_AND_THE_TAIL_OF_THE_SERPENT,Jove,3
175_THE_CAT_AND_THE_FOX,Fox,5
175_THE_CAT_AND_THE_FOX,Cat,4
175_THE_CAT_AND_THE_FOX,Hounds,3
175_THE_CAT_AND_THE_FOX,Puss,1
175_THE_CAT_AND_THE_FOX,Reynard,1
175_THE_CAT_AND_THE_FOX,Dogs,1
191_THE_TORTOISE_AND_THE_TWO_DUCKS,Tortoise,5
191_THE_TORTOISE_AND_THE_TWO_DUCKS,Ducks,3
219_THE_QUARREL_OF_THE_DOGS_AND_THE_CATS_AND_ALSO_THAT_OF_THE_CATS,Dogs,3
219_THE_QUARREL_OF_THE_DOGS_AND_THE_CATS_AND_ALSO_THAT_OF_THE_CATS,Cats,6
219_THE_QUARREL_OF_THE_DOGS_AND_THE_CATS_AND_ALSO_THAT_OF_THE_CATS,Mice,4
74_THE_JAY_DRESSED_IN_PEACOCKS_PLUMES,Peacock,3
74_THE_JAY_DRESSED_IN_PEACOCKS_PLUMES,Jay,4
166_THE_MADMAN_WHO_SOLD_WISDOM,Madman,4
166_THE_MADMAN_WHO_SOLD_WISDOM,wise men,2
166_THE_MADMAN_WHO_SOLD_WISDOM,sage,1
166_THE_MADMAN_WHO_SOLD_WISDOM,fool,2
166_THE_MADMAN_WHO_SOLD_WISDOM,rogue,1
166_THE_MADMAN_WHO_SOLD_WISDOM,buffoon,1
166_THE_MADMAN_WHO_SOLD_WISDOM,dupes,1
166_THE_MADMAN_WHO_SOLD_WISDOM,people,3
152_THE_TWO_FRIENDS,Friend,6
152_THE_TWO_FRIENDS,slave,1
134_THE_TWO_FOWLS,Barn-door Fowl,2
134_THE_TWO_FOWLS,Vulture,1
204_THE_OLD_MAN_AND_THE_THREE_YOUNG_MEN,Old Man,6
204_THE_OLD_MAN_AND_THE_THREE_YOUNG_MEN,Youths,3
204_THE_OLD_MAN_AND_THE_THREE_YOUNG_MEN,Young Men,3
204_THE_OLD_MAN_AND_THE_THREE_YOUNG_MEN,Great Grandchildren,1
204_THE_OLD_MAN_AND_THE_THREE_YOUNG_MEN,Sage,1
52_THE_SHEPHERD_AND_THE_SEA,Shepherd,4
52_THE_SHEPHERD_AND_THE_SEA,Tircis,1
52_THE_SHEPHERD_AND_THE_SEA,Pierrot,1
52_THE_SHEPHERD_AND_THE_SEA,nymphs,1
52_THE_SHEPHERD_AND_THE_SEA,Circe,1
197_THE_PARTRIDGE_AND_THE_FOWLS,Partridge,5
197_THE_PARTRIDGE_AND_THE_FOWLS,Cocks,2
197_THE_PARTRIDGE_AND_THE_FOWLS,Game-cock,1
197_THE_PARTRIDGE_AND_THE_FOWLS,Fowls,1
193_THE_MISER_AND_HIS_FRIEND,Miser,6
193_THE_MISER_AND_HIS_FRIEND,comrade,4
193_THE_MISER_AND_HIS_FRIEND,thief,1
28_THE_ASS_LADEN_WITH_SPONGES_AND_THE_ASS_LADEN_WITH_SALT,Peasant,1
28_THE_ASS_LADEN_WITH_SPONGES_AND_THE_ASS_LADEN_WITH_SALT,Emperor,1
28_THE_ASS_LADEN_WITH_SPONGES_AND_THE_ASS_LADEN_WITH_SALT,Steed,2
28_THE_ASS_LADEN_WITH_SPONGES_AND_THE_ASS_LADEN_WITH_SALT,Ass,3
28_THE_ASS_LADEN_WITH_SPONGES_AND_THE_ASS_LADEN_WITH_SALT,Pilgrim,1
28_THE_ASS_LADEN_WITH_SPONGES_AND_THE_ASS_LADEN_WITH_SALT,Comrade,1
28_THE_ASS_LADEN_WITH_SPONGES_AND_THE_ASS_LADEN_WITH_SALT,Creature,1
28_THE_ASS_LADEN_WITH_SPONGES_AND_THE_ASS_LADEN_WITH_SALT,Rider,1
28_THE_ASS_LADEN_WITH_SPONGES_AND_THE_ASS_LADEN_WITH_SALT,Man,1
109_THE_FOX_THE_MONKEY_AND_THE_OTHER_ANIMALS,Lion,2
109_THE_FOX_THE_MONKEY_AND_THE_OTHER_ANIMALS,Dragon,1
109_THE_FOX_THE_MONKEY_AND_THE_OTHER_ANIMALS,Monkey,2
109_THE_FOX_THE_MONKEY_AND_THE_OTHER_ANIMALS,Fox,3
228_THE_ENGLISH_FOX,Reynard,2
228_THE_ENGLISH_FOX,Fox,4
228_THE_ENGLISH_FOX,dogs,4
228_THE_ENGLISH_FOX,badgers,1
228_THE_ENGLISH_FOX,owls,1
120_THE_HORSE_AND_THE_ASS,Ass,3
120_THE_HORSE_AND_THE_ASS,Horse,5
120_THE_HORSE_AND_THE_ASS,Donkey,1
76_BATTLE_BETWEEN_THE_RATS_AND_WEASELS,Weasel,6
76_BATTLE_BETWEEN_THE_RATS_AND_WEASELS,Rat,8
76_BATTLE_BETWEEN_THE_RATS_AND_WEASELS,Ratapon,1
76_BATTLE_BETWEEN_THE_RATS_AND_WEASELS,Artapax,1
76_BATTLE_BETWEEN_THE_RATS_AND_WEASELS,Meridarpax,1
76_BATTLE_BETWEEN_THE_RATS_AND_WEASELS,Psicarpax,1
61_THE_LION_DEFEATED_BY_MAN,Lion,3
27_THE_LION_AND_THE_GNAT,Lion,5
27_THE_LION_AND_THE_GNAT,Gnat,6
130_THE_VULTURES_AND_THE_PIGEONS,Vulture,6
130_THE_VULTURES_AND_THE_PIGEONS,Pigeon,4
130_THE_VULTURES_AND_THE_PIGEONS,Lion,3
130_THE_VULTURES_AND_THE_PIGEONS,Bear,1
130_THE_VULTURES_AND_THE_PIGEONS,Monkey,1
130_THE_VULTURES_AND_THE_PIGEONS,Fox,2
158_THE_ASS_AND_THE_DOG,Ass,7
158_THE_ASS_AND_THE_DOG,Dog,5
158_THE_ASS_AND_THE_DOG,Wolf,2
117_THE_CARTER_STUCK_IN_THE_MUD,Phaeton,1
117_THE_CARTER_STUCK_IN_THE_MUD,Carter,3
117_THE_CARTER_STUCK_IN_THE_MUD,Hercules,3
70_THE_GARDENER_AND_HIS_MASTER,hare,3
70_THE_GARDENER_AND_HIS_MASTER,lord,4
70_THE_GARDENER_AND_HIS_MASTER,peasant,2
70_THE_GARDENER_AND_HIS_MASTER,daughter,2
70_THE_GARDENER_AND_HIS_MASTER,dogs,2
70_THE_GARDENER_AND_HIS_MASTER,horses,1
70_THE_GARDENER_AND_HIS_MASTER,troop,1
70_THE_GARDENER_AND_HIS_MASTER,valets,1
185_THE_SHEPHERD_AND_THE_KING,Shepherd,8
185_THE_SHEPHERD_AND_THE_KING,King,5
185_THE_SHEPHERD_AND_THE_KING,Hermit,3
185_THE_SHEPHERD_AND_THE_KING,Monarch,3
185_THE_SHEPHERD_AND_THE_KING,Snake,2
119_THE_BIRDCATCHER_THE_HAWK_AND_THE_SKYLARK,Countryman,1
119_THE_BIRDCATCHER_THE_HAWK_AND_THE_SKYLARK,Lark,1
119_THE_BIRDCATCHER_THE_HAWK_AND_THE_SKYLARK,Sparrow Hawk,2
119_THE_BIRDCATCHER_THE_HAWK_AND_THE_SKYLARK,Hawk,1
145_THE_POWER_OF_FABLES,Weasel,1
145_THE_POWER_OF_FABLES,Rabbit,1
145_THE_POWER_OF_FABLES,Hercules,1
145_THE_POWER_OF_FABLES,Hydra,1
145_THE_POWER_OF_FABLES,Ceres,2
145_THE_POWER_OF_FABLES,Eel,1
145_THE_POWER_OF_FABLES,Swallow,1
141_THE_LION_THE_WOLF_AND_THE_FOX,Lion,3
141_THE_LION_THE_WOLF_AND_THE_FOX,Fox,3
141_THE_LION_THE_WOLF_AND_THE_FOX,Wolf,3
24_THE_WOLF_PLEADING_AGAINST_THE_FOX_BEFORE_THE_APE,Wolf,2
24_THE_WOLF_PLEADING_AGAINST_THE_FOX_BEFORE_THE_APE,Fox,2
24_THE_WOLF_PLEADING_AGAINST_THE_FOX_BEFORE_THE_APE,Ape,2
10_THE_MAN_AND_HIS_IMAGE,Narcissus,4
10_THE_MAN_AND_HIS_IMAGE,Fate,1
10_THE_MAN_AND_HIS_IMAGE,Soul,1
10_THE_MAN_AND_HIS_IMAGE,Mirrors,5
10_THE_MAN_AND_HIS_IMAGE,brook,2
88_FORTUNE_AND_THE_LITTLE_CHILD,Fortune,5
127_THE_MAN_BADLY_MARRIED,Monsieur,5
127_THE_MAN_BADLY_MARRIED,Phillis,1
127_THE_MAN_BADLY_MARRIED,Servants,2
127_THE_MAN_BADLY_MARRIED,Wife,2
156_THE_HOROSCOPE,Man,1
156_THE_HOROSCOPE,Father,1
156_THE_HOROSCOPE,Son,1
156_THE_HOROSCOPE,Lion,3
156_THE_HOROSCOPE,Youth,1
156_THE_HOROSCOPE,Eagle,1
156_THE_HOROSCOPE,Tortoise,1
156_THE_HOROSCOPE,Pluto,1
156_THE_HOROSCOPE,Æschylus,3
156_THE_HOROSCOPE,Jupiter,1
94_THE_LABOURING_MAN_AND_HIS_CHILDREN,Labourer,3
94_THE_LABOURING_MAN_AND_HIS_CHILDREN,sons,3
94_THE_LABOURING_MAN_AND_HIS_CHILDREN,parents,1
131_THE_MILKMAID_AND_THE_MILKPAIL,Perette,5
131_THE_MILKMAID_AND_THE_MILKPAIL,cow,2
131_THE_MILKMAID_AND_THE_MILKPAIL,calf,2
131_THE_MILKMAID_AND_THE_MILKPAIL,pig,2
131_THE_MILKMAID_AND_THE_MILKPAIL,chicken,1
155_THE_FUNERAL_OF_THE_LIONESS,Lion,3
155_THE_FUNERAL_OF_THE_LIONESS,Prince,1
155_THE_FUNERAL_OF_THE_LIONESS,King,3
155_THE_FUNERAL_OF_THE_LIONESS,Stag,3
155_THE_FUNERAL_OF_THE_LIONESS,Queen,1
155_THE_FUNERAL_OF_THE_LIONESS,Wolves,1
155_THE_FUNERAL_OF_THE_LIONESS,Turk,1
155_THE_FUNERAL_OF_THE_LIONESS,Merchant,1
155_THE_FUNERAL_OF_THE_LIONESS,Shepherd,1
155_THE_FUNERAL_OF_THE_LIONESS,Dog,1
155_THE_FUNERAL_OF_THE_LIONESS,Sheep,1
155_THE_FUNERAL_OF_THE_LIONESS,Terriers,1
155_THE_FUNERAL_OF_THE_LIONESS,Cur,1
217_THE_BAT_THE_BUSH_AND_THE_DUCK,Bat,4
217_THE_BAT_THE_BUSH_AND_THE_DUCK,Bush,4
217_THE_BAT_THE_BUSH_AND_THE_DUCK,Duck,4
25_THE_MIDDLEAGED_MAN_AND_THE_TWO_WIDOWS,Man,6
25_THE_MIDDLEAGED_MAN_AND_THE_TWO_WIDOWS,Widow,3
165_EDUCATION,Cæsar,5
165_EDUCATION,Laridon,5
165_EDUCATION,dog,3
165_EDUCATION,Turnspits,1
165_EDUCATION,stags,1
165_EDUCATION,boars,1
53_THE_DRUNKARD_AND_HIS_WIFE,Bacchus,1
53_THE_DRUNKARD_AND_HIS_WIFE,Fury,1
53_THE_DRUNKARD_AND_HIS_WIFE,Lucifer,1
53_THE_DRUNKARD_AND_HIS_WIFE,Pluto,1
53_THE_DRUNKARD_AND_HIS_WIFE,Satan,1
53_THE_DRUNKARD_AND_HIS_WIFE,sot,3
53_THE_DRUNKARD_AND_HIS_WIFE,wife,2
23_THE_COUNCIL_HELD_BY_THE_RATS,Cat,7
23_THE_COUNCIL_HELD_BY_THE_RATS,Rat,5
23_THE_COUNCIL_HELD_BY_THE_RATS,Dean,1
89_THE_EARTHEN_POT_AND_THE_IRON_POT,Iron Pot,5
89_THE_EARTHEN_POT_AND_THE_IRON_POT,Earthen Pot,5
81_THE_HORSE_WISHING_TO_BE_REVENGED_ON_THE_STAG,Horse,5
81_THE_HORSE_WISHING_TO_BE_REVENGED_ON_THE_STAG,Ass,1
81_THE_HORSE_WISHING_TO_BE_REVENGED_ON_THE_STAG,Mule,1
81_THE_HORSE_WISHING_TO_BE_REVENGED_ON_THE_STAG,Stag,2
81_THE_HORSE_WISHING_TO_BE_REVENGED_ON_THE_STAG,Man,4
85_THE_OLD_MAN_AND_HIS_CHILDREN,Old Man,6
85_THE_OLD_MAN_AND_HIS_CHILDREN,sons,5
85_THE_OLD_MAN_AND_HIS_CHILDREN,brothers,3
85_THE_OLD_MAN_AND_HIS_CHILDREN,Death,1
85_THE_OLD_MAN_AND_HIS_CHILDREN,neighbour,1
85_THE_OLD_MAN_AND_HIS_CHILDREN,judge,1
85_THE_OLD_MAN_AND_HIS_CHILDREN,creditors,2
85_THE_OLD_MAN_AND_HIS_CHILDREN,creatures,1
12_THE_WOLF_AND_THE_LAMB,Lamb,6
12_THE_WOLF_AND_THE_LAMB,Wolf,6
178_THE_MONKEY_AND_THE_CAT,Bertrand,6
178_THE_MONKEY_AND_THE_CAT,Raton,6
178_THE_MONKEY_AND_THE_CAT,Monkey,1
178_THE_MONKEY_AND_THE_CAT,Cat,1
207_THE_COMPANIONS_OF_ULYSSES,Ulysses,5
207_THE_COMPANIONS_OF_ULYSSES,Circe,3
207_THE_COMPANIONS_OF_ULYSSES,Lion,3
207_THE_COMPANIONS_OF_ULYSSES,Bear,3
207_THE_COMPANIONS_OF_ULYSSES,Wolf,3
1_THE_GRASSHOPPER_AND_THE_ANT,Grasshopper,5
1_THE_GRASSHOPPER_AND_THE_ANT,Ant,5
200_THE_TWO_PARROTS_THE_MONARCH_AND_HIS_SON,Parrot,5
200_THE_TWO_PARROTS_THE_MONARCH_AND_HIS_SON,Sparrow,2
200_THE_TWO_PARROTS_THE_MONARCH_AND_HIS_SON,Prince,4
200_THE_TWO_PARROTS_THE_MONARCH_AND_HIS_SON,King,2
129_THE_WISHES,Spirit,4
129_THE_WISHES,genii,3
98_THE_HARE_THE_PARTRIDGE,Hare,3
98_THE_HARE_THE_PARTRIDGE,Partridge,3
98_THE_HARE_THE_PARTRIDGE,Brifaut,1
98_THE_HARE_THE_PARTRIDGE,Miraut,1
98_THE_HARE_THE_PARTRIDGE,Rustaut,1
98_THE_HARE_THE_PARTRIDGE,Goshawk,1
98_THE_HARE_THE_PARTRIDGE,Stag,2
98_THE_HARE_THE_PARTRIDGE,Vine,2
98_THE_HARE_THE_PARTRIDGE,dogs,2
98_THE_HARE_THE_PARTRIDGE,hunters,2
34_THE_PEACOCK_COMPLAINING_TO_JUNO,Peacock,3
34_THE_PEACOCK_COMPLAINING_TO_JUNO,Nightingale,2
34_THE_PEACOCK_COMPLAINING_TO_JUNO,Juno,3
34_THE_PEACOCK_COMPLAINING_TO_JUNO,Falcon,1
34_THE_PEACOCK_COMPLAINING_TO_JUNO,Eagle,1
34_THE_PEACOCK_COMPLAINING_TO_JUNO,Raven,1
34_THE_PEACOCK_COMPLAINING_TO_JUNO,Crow,1
167_THE_CAT_AND_THE_RAT,Master Cat,7
167_THE_CAT_AND_THE_RAT,Master Rat,6
167_THE_CAT_AND_THE_RAT,Weasel,4
167_THE_CAT_AND_THE_RAT,Master Owl,4
167_THE_CAT_AND_THE_RAT,Sir Gnaw-cheese,2
167_THE_CAT_AND_THE_RAT,Puss,1
57_THE_MISER_WHO_LOST_HIS_TREASURE,Miser,7
57_THE_MISER_WHO_LOST_HIS_TREASURE,peasant,1
57_THE_MISER_WHO_LOST_HIS_TREASURE,man,3
32_THE_HARE_AND_THE_FROGS,Hare,7
32_THE_HARE_AND_THE_FROGS,Frogs,2
124_THE_ANIMALS_SICK_OF_THE_PLAGUE,Lion,3
124_THE_ANIMALS_SICK_OF_THE_PLAGUE,Fox,3
124_THE_ANIMALS_SICK_OF_THE_PLAGUE,Wolves,2
124_THE_ANIMALS_SICK_OF_THE_PLAGUE,Sheep,2
124_THE_ANIMALS_SICK_OF_THE_PLAGUE,Turtle-doves,1
124_THE_ANIMALS_SICK_OF_THE_PLAGUE,Tiger,1
124_THE_ANIMALS_SICK_OF_THE_PLAGUE,Bear,1
124_THE_ANIMALS_SICK_OF_THE_PLAGUE,Ass,1
124_THE_ANIMALS_SICK_OF_THE_PLAGUE,Wolf,1
9_THE_TOWN_RAT_AND_THE_COUNTRY_RAT,Rat,4
9_THE_TOWN_RAT_AND_THE_COUNTRY_RAT,Turkey,1
173_THE_ACORN_AND_THE_GOURD,Jove,4
173_THE_ACORN_AND_THE_GOURD,Gourd,3
173_THE_ACORN_AND_THE_GOURD,Pumpkin,3
173_THE_ACORN_AND_THE_GOURD,Bumpkin,2
173_THE_ACORN_AND_THE_GOURD,Oak,4
173_THE_ACORN_AND_THE_GOURD,Acorn,4
173_THE_ACORN_AND_THE_GOURD,Tony,2
173_THE_ACORN_AND_THE_GOURD,Hind,1
162_JUPITER_AND_THE_THUNDERBOLTS,Jove,8
162_JUPITER_AND_THE_THUNDERBOLTS,Mercury,1
162_JUPITER_AND_THE_THUNDERBOLTS,Fury,1
162_JUPITER_AND_THE_THUNDERBOLTS,Tisiphone,1
162_JUPITER_AND_THE_THUNDERBOLTS,Megæra,1
162_JUPITER_AND_THE_THUNDERBOLTS,Alecton,1
162_JUPITER_AND_THE_THUNDERBOLTS,Vulcan,2
139_THE_COBBLER_AND_THE_BANKER,Cobbler,5
139_THE_COBBLER_AND_THE_BANKER,Banker,4
150_THE_JOKER_AND_THE_FISHES,wag,1
150_THE_JOKER_AND_THE_FISHES,fishes,5
150_THE_JOKER_AND_THE_FISHES,creatures,1
150_THE_JOKER_AND_THE_FISHES,fathers,1
150_THE_JOKER_AND_THE_FISHES,monster,1
150_THE_JOKER_AND_THE_FISHES,tales,1
154_THE_RAT_AND_THE_ELEPHANT,Rat,5
154_THE_RAT_AND_THE_ELEPHANT,Elephant,3
154_THE_RAT_AND_THE_ELEPHANT,Cat,2
154_THE_RAT_AND_THE_ELEPHANT,Dog,1
154_THE_RAT_AND_THE_ELEPHANT,Parrots,1
154_THE_RAT_AND_THE_ELEPHANT,Monkey,1
189_THE_FISH_AND_THE_SHEPHERD_WHO_PLAYED_ON_THE_CLARIONET,Tircis,5
189_THE_FISH_AND_THE_SHEPHERD_WHO_PLAYED_ON_THE_CLARIONET,Annette,4
189_THE_FISH_AND_THE_SHEPHERD_WHO_PLAYED_ON_THE_CLARIONET,fishes,4
189_THE_FISH_AND_THE_SHEPHERD_WHO_PLAYED_ON_THE_CLARIONET,trout,1
189_THE_FISH_AND_THE_SHEPHERD_WHO_PLAYED_ON_THE_CLARIONET,greyling,1
189_THE_FISH_AND_THE_SHEPHERD_WHO_PLAYED_ON_THE_CLARIONET,bream,1
19_THE_PULLET_AND_THE_PEARL,Fowl,1
210_THE_TWO_GOATS,Goat,6
22_AGAINST_THOSE_WHO_ARE_HARD_TO_PLEASE,Wolf,1
22_AGAINST_THOSE_WHO_ARE_HARD_TO_PLEASE,Lamb,1
22_AGAINST_THOSE_WHO_ARE_HARD_TO_PLEASE,Ravens,1
22_AGAINST_THOSE_WHO_ARE_HARD_TO_PLEASE,Reynard,1
22_AGAINST_THOSE_WHO_ARE_HARD_TO_PLEASE,Amaryllis,1
22_AGAINST_THOSE_WHO_ARE_HARD_TO_PLEASE,Alcippus,1
22_AGAINST_THOSE_WHO_ARE_HARD_TO_PLEASE,Tircis,1
22_AGAINST_THOSE_WHO_ARE_HARD_TO_PLEASE,Dog,1
22_AGAINST_THOSE_WHO_ARE_HARD_TO_PLEASE,Sheep,1
80_THE_ANIMALS_SENDING_A_TRIBUTE_TO_ALEXANDER,Alexander,1
80_THE_ANIMALS_SENDING_A_TRIBUTE_TO_ALEXANDER,Monkey,2
80_THE_ANIMALS_SENDING_A_TRIBUTE_TO_ALEXANDER,Mule,1
80_THE_ANIMALS_SENDING_A_TRIBUTE_TO_ALEXANDER,Ass,1
80_THE_ANIMALS_SENDING_A_TRIBUTE_TO_ALEXANDER,Horse,1
80_THE_ANIMALS_SENDING_A_TRIBUTE_TO_ALEXANDER,Camel,1
80_THE_ANIMALS_SENDING_A_TRIBUTE_TO_ALEXANDER,Lion,3
80_THE_ANIMALS_SENDING_A_TRIBUTE_TO_ALEXANDER,Sheep,1
224_THE_FOX_THE_FLIES_AND_THE_HEDGEHOG,Fox,5
224_THE_FOX_THE_FLIES_AND_THE_HEDGEHOG,Fly,2
224_THE_FOX_THE_FLIES_AND_THE_HEDGEHOG,Hedgehog,1
224_THE_FOX_THE_FLIES_AND_THE_HEDGEHOG,Reynard,1
35_THE_BAT_AND_THE_TWO_WEASELS,Bat,4
35_THE_BAT_AND_THE_TWO_WEASELS,Weasel,3
221_THE_WOLF_AND_THE_FOX,Fox,5
221_THE_WOLF_AND_THE_FOX,Wolf,4
221_THE_WOLF_AND_THE_FOX,sheep,3
221_THE_WOLF_AND_THE_FOX,dogs,1
221_THE_WOLF_AND_THE_FOX,chanticleer,1
43_THE_RAVEN_WHO_WISHED_TO_IMITATE_THE_EAGLE,Bird of Jove,1
43_THE_RAVEN_WHO_WISHED_TO_IMITATE_THE_EAGLE,Raven,5
43_THE_RAVEN_WHO_WISHED_TO_IMITATE_THE_EAGLE,Sheep,3
43_THE_RAVEN_WHO_WISHED_TO_IMITATE_THE_EAGLE,Shepherd,1
36_THE_BIRD_WOUNDED_BY_AN_ARROW,bird,1
95_THE_HEN_WITH_THE_GOLDEN_EGGS,Hen,3
115_THE_ASS_AND_HIS_MASTERS,Donkey,3
115_THE_ASS_AND_HIS_MASTERS,Gardener,3
115_THE_ASS_AND_HIS_MASTERS,Tanner,1
115_THE_ASS_AND_HIS_MASTERS,Charcoal-dealer,1
115_THE_ASS_AND_HIS_MASTERS,Fate,4
115_THE_ASS_AND_HIS_MASTERS,Jupiter,1
181_NOT_TOO_MUCH,Sheep,3
181_NOT_TOO_MUCH,Wolf,3
181_NOT_TOO_MUCH,Man,6
213_THE_SICK_STAG,Stag,4
213_THE_SICK_STAG,Friends,4
212_THE_WOLF_AND_THE_FOX,Fox,6
212_THE_WOLF_AND_THE_FOX,Wolf,4
182_THE_TWO_RATS_THE_FOX_AND_THE_EGG,Iris,8
182_THE_TWO_RATS_THE_FOX_AND_THE_EGG,ass,1
182_THE_TWO_RATS_THE_FOX_AND_THE_EGG,stag,1
182_THE_TWO_RATS_THE_FOX_AND_THE_EGG,dogs,2
182_THE_TWO_RATS_THE_FOX_AND_THE_EGG,partridge,1
182_THE_TWO_RATS_THE_FOX_AND_THE_EGG,pointer,1
182_THE_TWO_RATS_THE_FOX_AND_THE_EGG,beavers,2
182_THE_TWO_RATS_THE_FOX_AND_THE_EGG,fox,2
182_THE_TWO_RATS_THE_FOX_AND_THE_EGG,Rats,2
199_THE_DOG_WHOSE_EARS_WERE_CUT,Dog,5
199_THE_DOG_WHOSE_EARS_WERE_CUT,kings of animals,1
199_THE_DOG_WHOSE_EARS_WERE_CUT,mastiffs,1
199_THE_DOG_WHOSE_EARS_WERE_CUT,rough dogs,1
159_THE_TWO_DOGS_AND_THE_DEAD_ASS,Dog,2
159_THE_TWO_DOGS_AND_THE_DEAD_ASS,Mastiff,2
159_THE_TWO_DOGS_AND_THE_DEAD_ASS,Donkey,1
159_THE_TWO_DOGS_AND_THE_DEAD_ASS,Ass,2
29_THE_LION_AND_THE_RAT,Rat,4
29_THE_LION_AND_THE_RAT,Lion,3
122_THE_YOUNG_WIDOW,Husband,4
122_THE_YOUNG_WIDOW,Widow,6
122_THE_YOUNG_WIDOW,father,3
122_THE_YOUNG_WIDOW,Cupids,1
236_THE_FROGS_AND_THE_SUN,Frog,5
236_THE_FROGS_AND_THE_SUN,star-king,1
236_THE_FROGS_AND_THE_SUN,sun,3
236_THE_FROGS_AND_THE_SUN,Fortune,1
116_THE_SUN_AND_THE_FROGS,Sun,3
116_THE_SUN_AND_THE_FROGS,Frogs,4
5_THE_WOLF_AND_THE_DOG,Wolf,6
5_THE_WOLF_AND_THE_DOG,Mastiff,4
5_THE_WOLF_AND_THE_DOG,Dog,2
214_THE_CAT_AND_THE_TWO_SPARROWS,Sparrow,4
214_THE_CAT_AND_THE_TWO_SPARROWS,Cat,5
160_THE_ADVANTAGE_OF_BEING_CLEVER,rich man,4
160_THE_ADVANTAGE_OF_BEING_CLEVER,poor man,5
160_THE_ADVANTAGE_OF_BEING_CLEVER,wise man,4
160_THE_ADVANTAGE_OF_BEING_CLEVER,fool,3
160_THE_ADVANTAGE_OF_BEING_CLEVER,citizen,2
160_THE_ADVANTAGE_OF_BEING_CLEVER,artisan,1
160_THE_ADVANTAGE_OF_BEING_CLEVER,tradesman,1
160_THE_ADVANTAGE_OF_BEING_CLEVER,courtesan,1
69_THE_FLY_AND_THE_ANT,Fly,6
69_THE_FLY_AND_THE_ANT,Ant,6
69_THE_FLY_AND_THE_ANT,Jupiter,1
69_THE_FLY_AND_THE_ANT,King Phœbus,1
184_THE_HUSBAND_THE_WIFE_AND_THE_ROBBER,Husband,5
184_THE_HUSBAND_THE_WIFE_AND_THE_ROBBER,Wife,5
184_THE_HUSBAND_THE_WIFE_AND_THE_ROBBER,Robber,3
184_THE_HUSBAND_THE_WIFE_AND_THE_ROBBER,bird,1
179_THE_WOLF_AND_THE_STARVED_DOG,Carp,1
179_THE_WOLF_AND_THE_STARVED_DOG,fisherman,1
179_THE_WOLF_AND_THE_STARVED_DOG,Wolf,3
179_THE_WOLF_AND_THE_STARVED_DOG,Dog,2
179_THE_WOLF_AND_THE_STARVED_DOG,mastiff,1
123_DISCORD,Man,2
123_DISCORD,Discord,6
123_DISCORD,Scandal,5
149_TIRCIS_AND_AMARANTH,Wolf,2
149_TIRCIS_AND_AMARANTH,Crow,2
149_TIRCIS_AND_AMARANTH,Tircis,5
149_TIRCIS_AND_AMARANTH,Amaranth,5
149_TIRCIS_AND_AMARANTH,Clidamant,1
90_THE_HARES_EARS,Lion,1
90_THE_HARES_EARS,Bulls,1
90_THE_HARES_EARS,Rams,1
90_THE_HARES_EARS,Goats,1
90_THE_HARES_EARS,Deer,1
90_THE_HARES_EARS,Hare,2
90_THE_HARES_EARS,Cricket,2
90_THE_HARES_EARS,Ostrich,1
90_THE_HARES_EARS,Unicorn,1
174_THE_SCHOOLBOY_THE_PEDANT_AND_THE_NURSERY_GARDENER,Boy,3
174_THE_SCHOOLBOY_THE_PEDANT_AND_THE_NURSERY_GARDENER,Pedant,3
174_THE_SCHOOLBOY_THE_PEDANT_AND_THE_NURSERY_GARDENER,Gardener,1
174_THE_SCHOOLBOY_THE_PEDANT_AND_THE_NURSERY_GARDENER,Master,1
174_THE_SCHOOLBOY_THE_PEDANT_AND_THE_NURSERY_GARDENER,lads,2
93_THE_DOCTORS,Doctor Much-the-Worse,2
93_THE_DOCTORS,Doctor Much-the-Better,2
93_THE_DOCTORS,the patient,2
195_THE_RABBITS,Rabbits,6
195_THE_RABBITS,Dogs,4
106_JUPITER_AND_THE_FARMER,Jupiter,3
106_JUPITER_AND_THE_FARMER,Mercury,1
114_THE_SICK_LION_AND_THE_FOX,Lion,4
114_THE_SICK_LION_AND_THE_FOX,Fox,2
104_PHŒBUS_AND_BOREAS,Phœbus,5
104_PHŒBUS_AND_BOREAS,Boreas,5
104_PHŒBUS_AND_BOREAS,traveller,1
104_PHŒBUS_AND_BOREAS,Wind,1
104_PHŒBUS_AND_BOREAS,Sun,3
104_PHŒBUS_AND_BOREAS,horseman,1
37_THE_MILLER_HIS_SON_AND_THE_ASS,Miller,5
37_THE_MILLER_HIS_SON_AND_THE_ASS,Son,5
37_THE_MILLER_HIS_SON_AND_THE_ASS,Ass,5
37_THE_MILLER_HIS_SON_AND_THE_ASS,Horseman,1
37_THE_MILLER_HIS_SON_AND_THE_ASS,Merchants,3
37_THE_MILLER_HIS_SON_AND_THE_ASS,Girls,3
37_THE_MILLER_HIS_SON_AND_THE_ASS,Quidnunc,1
143_THE_DOG_WHICH_CARRIED_ROUND_HIS_NECK_HIS_MASTERS_DINNER,Dog,5
143_THE_DOG_WHICH_CARRIED_ROUND_HIS_NECK_HIS_MASTERS_DINNER,Mastiff,1
143_THE_DOG_WHICH_CARRIED_ROUND_HIS_NECK_HIS_MASTERS_DINNER,Rabbit,1
20_THE_DRONES_AND_THE_BEES,Bees,5
20_THE_DRONES_AND_THE_BEES,Drones,5
20_THE_DRONES_AND_THE_BEES,Wasp,4
20_THE_DRONES_AND_THE_BEES,Ants,1
6_THE_HEIFER_THE_SHEGOAT_AND_THE_LAMB_IN,Heifer,1
6_THE_HEIFER_THE_SHEGOAT_AND_THE_LAMB_IN,Lamb,1
6_THE_HEIFER_THE_SHEGOAT_AND_THE_LAMB_IN,Nanny-goat,1
6_THE_HEIFER_THE_SHEGOAT_AND_THE_LAMB_IN,Lion,3
6_THE_HEIFER_THE_SHEGOAT_AND_THE_LAMB_IN,Goat,1
6_THE_HEIFER_THE_SHEGOAT_AND_THE_LAMB_IN,Stag,1
110_THE_MULE_THAT_BOASTED_OF_HIS_FAMILY,Mule,4
110_THE_MULE_THAT_BOASTED_OF_HIS_FAMILY,Mare,1
110_THE_MULE_THAT_BOASTED_OF_HIS_FAMILY,Donkey,1
164_THE_TWO_PIGEONS,Pigeon,5
164_THE_TWO_PIGEONS,Crow,1
164_THE_TWO_PIGEONS,Falcon,1
164_THE_TWO_PIGEONS,Hawk,1
164_THE_TWO_PIGEONS,Eagle,1
164_THE_TWO_PIGEONS,Boy,1
169_THE_OYSTER_AND_ITS_CLAIMANTS,Traveller,2
169_THE_OYSTER_AND_ITS_CLAIMANTS,Oyster,1
169_THE_OYSTER_AND_ITS_CLAIMANTS,Lawyer,2
101_THE_EAGLE_AND_THE_OWL,Eagle,6
101_THE_EAGLE_AND_THE_OWL,Owl,9
198_THE_LION,Leopard,3
198_THE_LION,Lion,3
198_THE_LION,Fox,4
198_THE_LION,Steer,1
198_THE_LION,Stag,1
198_THE_LION,Sheep,2
198_THE_LION,Orphan,1
198_THE_LION,Master Lion,1
198_THE_LION,Vigilance,1
198_THE_LION,Fortitude,1
198_THE_LION,Strength,1
170_THE_FRAUDULENT_TRUSTEE,dogs,1
170_THE_FRAUDULENT_TRUSTEE,wolves,1
170_THE_FRAUDULENT_TRUSTEE,brutes,1
170_THE_FRAUDULENT_TRUSTEE,merchant,3
170_THE_FRAUDULENT_TRUSTEE,rat,2
170_THE_FRAUDULENT_TRUSTEE,child,2
170_THE_FRAUDULENT_TRUSTEE,owl,2
170_THE_FRAUDULENT_TRUSTEE,father,1
170_THE_FRAUDULENT_TRUSTEE,travellers,2
170_THE_FRAUDULENT_TRUSTEE,story-teller,1
170_THE_FRAUDULENT_TRUSTEE,friend,2
170_THE_FRAUDULENT_TRUSTEE,cabbage,2
170_THE_FRAUDULENT_TRUSTEE,wag,1
170_THE_FRAUDULENT_TRUSTEE,man,5
170_THE_FRAUDULENT_TRUSTEE,Fraudulent Trustee,2
7_THE_WALLET,Monkey,4
7_THE_WALLET,Bear,3
7_THE_WALLET,Elephant,2
7_THE_WALLET,Whale,1
7_THE_WALLET,Ant,1
7_THE_WALLET,Gnat,1
7_THE_WALLET,Lynx,1
7_THE_WALLET,Mole,1
135_THE_COACH_AND_THE_FLY,Horse,6
135_THE_COACH_AND_THE_FLY,Fly,5
135_THE_COACH_AND_THE_FLY,Monk,2
135_THE_COACH_AND_THE_FLY,Woman,1
125_THE_RAT_WHO_RETIRED_FROM_THE_WORLD,Rat,6
125_THE_RAT_WHO_RETIRED_FROM_THE_WORLD,hermit,3
125_THE_RAT_WHO_RETIRED_FROM_THE_WORLD,deputy,1
125_THE_RAT_WHO_RETIRED_FROM_THE_WORLD,ambassadors,1
118_THE_DOG_AND_THE_SHADOW,Dog,3
41_THE_FOX_AND__THE_GRAPES,Fox,3
41_THE_FOX_AND__THE_GRAPES,Grapes,3
96_THE_ASS_THAT_CARRIED_THE_RELICS,Ass,2
201_THE_PEASANT_OF_THE_DANUBE,Mouse,1
201_THE_PEASANT_OF_THE_DANUBE,Boor,2
201_THE_PEASANT_OF_THE_DANUBE,Grizzly Bear,1
201_THE_PEASANT_OF_THE_DANUBE,Peasant,2
201_THE_PEASANT_OF_THE_DANUBE,Wolves,1
201_THE_PEASANT_OF_THE_DANUBE,Bears,1
201_THE_PEASANT_OF_THE_DANUBE,Romana,4
201_THE_PEASANT_OF_THE_DANUBE,Germans,2
102_THE_SHEPHERD_AND_THE_LION,Shepherd,3
102_THE_SHEPHERD_AND_THE_LION,Hunter,1
102_THE_SHEPHERD_AND_THE_LION,Wolves,1
102_THE_SHEPHERD_AND_THE_LION,Lion,2
102_THE_SHEPHERD_AND_THE_LION,Calf,2
102_THE_SHEPHERD_AND_THE_LION,Ox,1
148_THE_WOMAN_AND_THE_SECRET,husband,3
148_THE_WOMAN_AND_THE_SECRET,wife,3
148_THE_WOMAN_AND_THE_SECRET,gossip,3
148_THE_WOMAN_AND_THE_SECRET,hen,2
148_THE_WOMAN_AND_THE_SECRET,chickens,1
91_THE_FOX_WITH_HIS_TAIL_CUT_OFF,Fox,6
91_THE_FOX_WITH_HIS_TAIL_CUT_OFF,Geese,1
91_THE_FOX_WITH_HIS_TAIL_CUT_OFF,Rabbits,1
188_THE_KITE_AND_THE_NIGHTINGALE,Kite,5
188_THE_KITE_AND_THE_NIGHTINGALE,Nightingale,2
188_THE_KITE_AND_THE_NIGHTINGALE,Tyreus,2
208_THE_FARMER_THE_DOG_AND_THE_FOX,Wolf,1
208_THE_FARMER_THE_DOG_AND_THE_FOX,Fox,5
208_THE_FARMER_THE_DOG_AND_THE_FOX,Farmer,3
208_THE_FARMER_THE_DOG_AND_THE_FOX,Dog,2
208_THE_FARMER_THE_DOG_AND_THE_FOX,Cocks,1
208_THE_FARMER_THE_DOG_AND_THE_FOX,Chickens,1
208_THE_FARMER_THE_DOG_AND_THE_FOX,Hens,2
78_THE_FROG_AND_THE_RAT,Rat,5
78_THE_FROG_AND_THE_RAT,Frog,5
78_THE_FROG_AND_THE_RAT,Kite,2
223_THE_FOREST_AND_THE_WOODMAN,Woodman,6
223_THE_FOREST_AND_THE_WOODMAN,Forest,4
230_THE_FOX_THE_WOLF_AND_THE_HORSE,Fox,6
230_THE_FOX_THE_WOLF_AND_THE_HORSE,Horse,5
230_THE_FOX_THE_WOLF_AND_THE_HORSE,Wolf,5
79_THE_OLD_WOMAN_AND_HER_SERVANTS,Beldam,1
79_THE_OLD_WOMAN_AND_HER_SERVANTS,maid,2
79_THE_OLD_WOMAN_AND_HER_SERVANTS,Cock,2
79_THE_OLD_WOMAN_AND_HER_SERVANTS,Chanticleer,1
83_THE_HORSE_AND_THE_WOLF,Wolf,5
83_THE_HORSE_AND_THE_WOLF,Horse,3
105_THE_BEAR_AND_THE_TWO_FRIENDS,Bear,5
105_THE_BEAR_AND_THE_TWO_FRIENDS,Friends,2
105_THE_BEAR_AND_THE_TWO_FRIENDS,Merchant,2
132_THE_CURATE_AND_THE_CORPSE,Curé,5
132_THE_CURATE_AND_THE_CORPSE,Dead man,3
132_THE_CURATE_AND_THE_CORPSE,Paquette,1
45_THE_CAT_CHANGED_INTO_A_WOMAN,Man,4
45_THE_CAT_CHANGED_INTO_A_WOMAN,Cat,5
45_THE_CAT_CHANGED_INTO_A_WOMAN,Woman,5
45_THE_CAT_CHANGED_INTO_A_WOMAN,Mice,2
163_THE_FALCON_AND_THE_CAPON,Capon,5
163_THE_FALCON_AND_THE_CAPON,Falcon,4
163_THE_FALCON_AND_THE_CAPON,Fowl,2
77_THE_CAMEL_AND_THE_DRIFTWOOD,Camel,1
151_THE_RAT_AND_THE_OYSTER,Rat,6
151_THE_RAT_AND_THE_OYSTER,Oyster,3
151_THE_RAT_AND_THE_OYSTER,Tethys,1
192_THE_TWO_ADVENTURERS_AND_THE_TALISMAN,Knight,6
192_THE_TWO_ADVENTURERS_AND_THE_TALISMAN,Elephant,2
56_THE_EAGLE_THE_WILD_SOW_AND_THE_CAT,Eagle,5
56_THE_EAGLE_THE_WILD_SOW_AND_THE_CAT,Sow,5
56_THE_EAGLE_THE_WILD_SOW_AND_THE_CAT,Cat,4
44_THE_WOLVES_AND_THE_SHEEP,Wolves,7
44_THE_WOLVES_AND_THE_SHEEP,Sheep,5
44_THE_WOLVES_AND_THE_SHEEP,Wolf-cubs,2
44_THE_WOLVES_AND_THE_SHEEP,lambs,2
44_THE_WOLVES_AND_THE_SHEEP,shepherds,3
44_THE_WOLVES_AND_THE_SHEEP,dogs,2
54_KING_GASTER_AND_THE_MEMBERS,Belly,1
54_KING_GASTER_AND_THE_MEMBERS,Gaster,3
54_KING_GASTER_AND_THE_MEMBERS,heart,1
58_THE_GOUT_AND_THE_SPIDER,Spider,6
58_THE_GOUT_AND_THE_SPIDER,Gout,5
2_THE_RAVEN_AND_THE_FOX,Raven,5
2_THE_RAVEN_AND_THE_FOX,Reynard,1
2_THE_RAVEN_AND_THE_FOX,Fox,2
92_THE_SATYR_AND_THE_PASSERBY,Satyr,4
92_THE_SATYR_AND_THE_PASSERBY,Traveller,3
206_THE_OWL_AND_THE_MICE,Owl,7
206_THE_OWL_AND_THE_MICE,Mice,5
161_THE_WOLF_AND_THE_HUNTER,Avarice,1
161_THE_WOLF_AND_THE_HUNTER,Man,1
161_THE_WOLF_AND_THE_HUNTER,Hunter,3
161_THE_WOLF_AND_THE_HUNTER,Stag,1
161_THE_WOLF_AND_THE_HUNTER,Doe,1
161_THE_WOLF_AND_THE_HUNTER,Boar,3
161_THE_WOLF_AND_THE_HUNTER,Wolf,3
161_THE_WOLF_AND_THE_HUNTER,Partridge,1
86_THE_ORACLE_AND_THE_IMPIOUS_MAN,Sparrow,1
229_THE_APE,Ape,4
229_THE_APE,wife,2
229_THE_APE,soul,1
229_THE_APE,infant,1
229_THE_APE,father,1
229_THE_APE,loves,1
229_THE_APE,monkey,1
203_THE_MERCHANT_THE_NOBLEMAN_THE_SHEPHERD_AND_THE_KINGS_SON,Merchant,4
203_THE_MERCHANT_THE_NOBLEMAN_THE_SHEPHERD_AND_THE_KINGS_SON,Shepherd,5
203_THE_MERCHANT_THE_NOBLEMAN_THE_SHEPHERD_AND_THE_KINGS_SON,Lord,2
203_THE_MERCHANT_THE_NOBLEMAN_THE_SHEPHERD_AND_THE_KINGS_SON,King's Son,3
203_THE_MERCHANT_THE_NOBLEMAN_THE_SHEPHERD_AND_THE_KINGS_SON,Prince,3
203_THE_MERCHANT_THE_NOBLEMAN_THE_SHEPHERD_AND_THE_KINGS_SON,Noble,1
8_THE_SWALLOW_AND_THE_LITTLE_BIRDS,Swallow,5
8_THE_SWALLOW_AND_THE_LITTLE_BIRDS,Birds,5
8_THE_SWALLOW_AND_THE_LITTLE_BIRDS,little birds,2
147_THE_MAN_AND_THE_FLEA,Hercules,2
147_THE_MAN_AND_THE_FLEA,Jupiter,1
147_THE_MAN_AND_THE_FLEA,Flea,2
133_THE_MAN_WHO_RUNS_AFTER_FORTUNE_AND_THE_MAN_WHO_WAITS_FOR_HER,Fortune,8
133_THE_MAN_WHO_RUNS_AFTER_FORTUNE_AND_THE_MAN_WHO_WAITS_FOR_HER,man,5
133_THE_MAN_WHO_RUNS_AFTER_FORTUNE_AND_THE_MAN_WHO_WAITS_FOR_HER,friend,3
211_THE_LION_THE_APE_AND_THE_TWO_ASSES,Lion,3
211_THE_LION_THE_APE_AND_THE_TWO_ASSES,Ape,6
211_THE_LION_THE_APE_AND_THE_TWO_ASSES,Asses,2
211_THE_LION_THE_APE_AND_THE_TWO_ASSES,Monkey,2
62_THE_SWAN_AND_THE_COOK,Swan,4
62_THE_SWAN_AND_THE_COOK,Goose,2
62_THE_SWAN_AND_THE_COOK,Cook,3
48_THE_CAT_AND_THE_OLD_RAT,Cat,5
48_THE_CAT_AND_THE_OLD_RAT,Rat,5
48_THE_CAT_AND_THE_OLD_RAT,Mice,2
187_THE_SHEPHERD_AND_HIS_FLOCK,wolf,5
187_THE_SHEPHERD_AND_HIS_FLOCK,sheep,4
187_THE_SHEPHERD_AND_HIS_FLOCK,Bob,3
187_THE_SHEPHERD_AND_HIS_FLOCK,Bobby,1
187_THE_SHEPHERD_AND_HIS_FLOCK,ram,1
187_THE_SHEPHERD_AND_HIS_FLOCK,lamb,1
97_THE_SERPENT_AND_THE_FILE,Serpent,1
97_THE_SERPENT_AND_THE_FILE,Watchmaker,1
97_THE_SERPENT_AND_THE_FILE,Tool,1
42_THE_EAGLE_AND_THE_BEETLE,John Rabbit,6
42_THE_EAGLE_AND_THE_BEETLE,Eagle,8
42_THE_EAGLE_AND_THE_BEETLE,Beetle,6
42_THE_EAGLE_AND_THE_BEETLE,Jupiter,2
216_THE_OLD_CAT_AND_THE_YOUNG_MOUSE,Mouse,6
216_THE_OLD_CAT_AND_THE_YOUNG_MOUSE,Cat,6
234_THE_ELEPHANT_AND_JUPITERS_MONKEY,Elephant,7
234_THE_ELEPHANT_AND_JUPITERS_MONKEY,Rhinoceros,4
234_THE_ELEPHANT_AND_JUPITERS_MONKEY,Monkey,3
234_THE_ELEPHANT_AND_JUPITERS_MONKEY,Giles,3
234_THE_ELEPHANT_AND_JUPITERS_MONKEY,Jupiter,2
75_THE_LITTLE_FISH_AND_THE_FISHERMAN,Fish,3
75_THE_LITTLE_FISH_AND_THE_FISHERMAN,Carp,2
75_THE_LITTLE_FISH_AND_THE_FISHERMAN,Angler,4
72_THE_ASS_AND_THE_LITTLE_DOG,Ass,3
72_THE_ASS_AND_THE_LITTLE_DOG,master,4
72_THE_ASS_AND_THE_LITTLE_DOG,Martin,2
72_THE_ASS_AND_THE_LITTLE_DOG,creature,1
72_THE_ASS_AND_THE_LITTLE_DOG,donkey,2
3_THE_FROG_THAT_WISHED_TO_MAKE_HERSELF_AS_BIG_AS_THE_OX,Frog,5
3_THE_FROG_THAT_WISHED_TO_MAKE_HERSELF_AS_BIG_AS_THE_OX,Ox,3
3_THE_FROG_THAT_WISHED_TO_MAKE_HERSELF_AS_BIG_AS_THE_OX,Bull,2
112_THE_COUNTRYMAN_AND_THE_SERPENT,Peasant,1
112_THE_COUNTRYMAN_AND_THE_SERPENT,snake,3
82_THE_FOX_AND_THE_BUST,Ass,1
82_THE_FOX_AND_THE_BUST,Fox,2
82_THE_FOX_AND_THE_BUST,Reynard,1
82_THE_FOX_AND_THE_BUST,Hero,1
14_DEATH_AND_THE_WOODCUTTER,Woodcutter,4
14_DEATH_AND_THE_WOODCUTTER,Death,3
180_THE_WAX_CANDLE,Bees,2
180_THE_WAX_CANDLE,Wax Taper,3
180_THE_WAX_CANDLE,Candles,1
180_THE_WAX_CANDLE,Empedocles,2
113_THE_HARE_AND_THE_TORTOISE,Tortoise,5
113_THE_HARE_AND_THE_TORTOISE,Hare,6
153_THE_PIG_THE_GOAT_AND_THE_SHEEP,Goat,1
153_THE_PIG_THE_GOAT_AND_THE_SHEEP,Sheep,2
153_THE_PIG_THE_GOAT_AND_THE_SHEEP,Pig,2
11_THE_DRAGON_WITH_MANY_HEADS_AND_THE_DRAGON,Hydra,1
11_THE_DRAGON_WITH_MANY_HEADS_AND_THE_DRAGON,Dragon,1
51_THE_FOX_AND_THE_GOAT,Fox,4
51_THE_FOX_AND_THE_GOAT,Goat,3
26_THE_FOX_AND_THE_STORK,Fox,5
26_THE_FOX_AND_THE_STORK,Stork,5
26_THE_FOX_AND_THE_STORK,Reynard,4
100_THE_ASS_IN_THE_LIONS_SKIN,Donkey,4
100_THE_ASS_IN_THE_LIONS_SKIN,Lion,4
100_THE_ASS_IN_THE_LIONS_SKIN,Hodge,1
47_THE_LION_AND_THE_ASS,Lion,5
47_THE_LION_AND_THE_ASS,Ass,5
233_DAPHNIS_AND_ALCIMADURA,Daphnis,7
233_DAPHNIS_AND_ALCIMADURA,Alcimadura,5
233_DAPHNIS_AND_ALCIMADURA,Cupid,3
233_DAPHNIS_AND_ALCIMADURA,Fates,1
226_THE_FOX_AND_THE_TURKEYS,Fox,5
226_THE_FOX_AND_THE_TURKEYS,Turkeys,5
196_THE_SWALLOW_AND_THE_SPIDER,Spider,5
196_THE_SWALLOW_AND_THE_SPIDER,Progne,1
196_THE_SWALLOW_AND_THE_SPIDER,Philomel,1
196_THE_SWALLOW_AND_THE_SPIDER,Swallow,2
196_THE_SWALLOW_AND_THE_SPIDER,Jupiter,3
196_THE_SWALLOW_AND_THE_SPIDER,Jove,1
65_THE_LION_GROWN_OLD,Lion,3
65_THE_LION_GROWN_OLD,Horse,1
65_THE_LION_GROWN_OLD,Wolf,1
65_THE_LION_GROWN_OLD,Ox,1
65_THE_LION_GROWN_OLD,Ass,1
55_THE_MONKEY_AND_THE_DOLPHIN,Monkey,4
55_THE_MONKEY_AND_THE_DOLPHIN,Dolphin,5
218_THE_EAGLE_AND_THE_MAGPIE,Eagle,5
218_THE_EAGLE_AND_THE_MAGPIE,Pie,4
218_THE_EAGLE_AND_THE_MAGPIE,Magpie,2
46_PHILOMEL_AND_PROGNE,Progne,6
46_PHILOMEL_AND_PROGNE,Philomel,5
46_PHILOMEL_AND_PROGNE,King Tereus,1
121_THE_CHARLATAN,Ass,7
177_THE_MOUSE_METAMORPHOSED_INTO_A_GIRL,Mouse,6
177_THE_MOUSE_METAMORPHOSED_INTO_A_GIRL,Brahmin,6
177_THE_MOUSE_METAMORPHOSED_INTO_A_GIRL,Sun,5
177_THE_MOUSE_METAMORPHOSED_INTO_A_GIRL,Cloud,2
177_THE_MOUSE_METAMORPHOSED_INTO_A_GIRL,North Wind,1
177_THE_MOUSE_METAMORPHOSED_INTO_A_GIRL,Breeze,1
177_THE_MOUSE_METAMORPHOSED_INTO_A_GIRL,Hill,1
177_THE_MOUSE_METAMORPHOSED_INTO_A_GIRL,Rat,3
177_THE_MOUSE_METAMORPHOSED_INTO_A_GIRL,Maid,3
177_THE_MOUSE_METAMORPHOSED_INTO_A_GIRL,Cat,1
177_THE_MOUSE_METAMORPHOSED_INTO_A_GIRL,Dog,1
177_THE_MOUSE_METAMORPHOSED_INTO_A_GIRL,Bear,1
128_THE_MAIDEN,Maiden,6
128_THE_MAIDEN,Belle,1
128_THE_MAIDEN,Heaven,1
128_THE_MAIDEN,Time,1
50_THE_LION_IN_LOVE,Lion,5
50_THE_LION_IN_LOVE,shepherdess,1
50_THE_LION_IN_LOVE,father,3
50_THE_LION_IN_LOVE,mastiff,1
126_THE_HERON,Heron,5
126_THE_HERON,Carp,1
126_THE_HERON,Pike,1
126_THE_HERON,Tench,3
126_THE_HERON,Gudgeon,1
126_THE_HERON,Snail,1
220_LOVE_AND_FOLLY,Cupid,5
220_LOVE_AND_FOLLY,Folly,5
220_LOVE_AND_FOLLY,Venus,1
220_LOVE_AND_FOLLY,Jove,1
220_LOVE_AND_FOLLY,Nemesis,1
215_THE_MISER_AND_THE_APE,Man,1
215_THE_MISER_AND_THE_APE,Miser,4
215_THE_MISER_AND_THE_APE,Ape,3
215_THE_MISER_AND_THE_APE,Monkey,1
140_THE_CAT_THE_WEASEL_AND_THE_LITTLE_RABBIT,Rabbit,5
140_THE_CAT_THE_WEASEL_AND_THE_LITTLE_RABBIT,Weasel,4
140_THE_CAT_THE_WEASEL_AND_THE_LITTLE_RABBIT,Cat,2
60_THE_WOLF_AND_THE_STORK,Wolf,5
60_THE_WOLF_AND_THE_STORK,Stork,2
33_THE_TWO_BULLS_AND_THE_FROG,Bulls,2
33_THE_TWO_BULLS_AND_THE_FROG,Frog,1
33_THE_TWO_BULLS_AND_THE_FROG,croaker,2
33_THE_TWO_BULLS_AND_THE_FROG,heifer,1
71_THE_WOODMAN_AND_MERCURY,Jupiter,5
71_THE_WOODMAN_AND_MERCURY,Mercury,6
71_THE_WOODMAN_AND_MERCURY,Woodman,4
4_THE_TWO_MULES,Mule,3
21_THE_OAK_AND_THE_REED,Oak,5
21_THE_OAK_AND_THE_REED,Reed,6
21_THE_OAK_AND_THE_REED,Wren,1
21_THE_OAK_AND_THE_REED,Wind,3
171_JUPITER_AND_THE_TRAVELLER,Jove,4
171_JUPITER_AND_THE_TRAVELLER,Passenger,1
171_JUPITER_AND_THE_TRAVELLER,oxen,1
171_JUPITER_AND_THE_TRAVELLER,elephants,1
171_JUPITER_AND_THE_TRAVELLER,Jupiter,1
171_JUPITER_AND_THE_TRAVELLER,robbers,1
171_JUPITER_AND_THE_TRAVELLER,Pluto,1
157_THE_TORRENT_AND_THE_RIVER,Torrent,5
157_THE_TORRENT_AND_THE_RIVER,Traveller,4
157_THE_TORRENT_AND_THE_RIVER,Thieves,3
137_AN_ANIMAL_IN_THE_MOON,elephant,1
137_AN_ANIMAL_IN_THE_MOON,ox,1
137_AN_ANIMAL_IN_THE_MOON,mouse,1
64_THE_WOLF_THE_MOTHER_AND_THE_CHILD,Wolf,6
64_THE_WOLF_THE_MOTHER_AND_THE_CHILD,Mother,5
64_THE_WOLF_THE_MOTHER_AND_THE_CHILD,Child,3
64_THE_WOLF_THE_MOTHER_AND_THE_CHILD,Peasant,1
64_THE_WOLF_THE_MOTHER_AND_THE_CHILD,Mastiff,1
63_THE_WOLF_THE_GOAT_AND_THE_KID,She-Goat,1
63_THE_WOLF_THE_GOAT_AND_THE_KID,Kid,4
63_THE_WOLF_THE_GOAT_AND_THE_KID,Wolf,5
99_THE_LION_GOING_TO_WAR,Lion,3
99_THE_LION_GOING_TO_WAR,Elephant,1
99_THE_LION_GOING_TO_WAR,Bear,1
99_THE_LION_GOING_TO_WAR,Fox,2
99_THE_LION_GOING_TO_WAR,Monkey,1
99_THE_LION_GOING_TO_WAR,Ass,2
99_THE_LION_GOING_TO_WAR,Hare,2
68_THE_LARK_AND_HER_LITTLE_ONES_WITH_THE_OWNER_OF_A_FIELD,Lark,6
68_THE_LARK_AND_HER_LITTLE_ONES_WITH_THE_OWNER_OF_A_FIELD,owner,3
68_THE_LARK_AND_HER_LITTLE_ONES_WITH_THE_OWNER_OF_A_FIELD,son,3
68_THE_LARK_AND_HER_LITTLE_ONES_WITH_THE_OWNER_OF_A_FIELD,farmer,1
68_THE_LARK_AND_HER_LITTLE_ONES_WITH_THE_OWNER_OF_A_FIELD,mother,3
68_THE_LARK_AND_HER_LITTLE_ONES_WITH_THE_OWNER_OF_A_FIELD,children,2
68_THE_LARK_AND_HER_LITTLE_ONES_WITH_THE_OWNER_OF_A_FIELD,covey,1
103_THE_LION_AND_THE_HUNTER,Braggart,1
103_THE_LION_AND_THE_HUNTER,Dog,1
103_THE_LION_AND_THE_HUNTER,Lion,3
103_THE_LION_AND_THE_HUNTER,Shepherd,1
103_THE_LION_AND_THE_HUNTER,Sheep,1
103_THE_LION_AND_THE_HUNTER,Jupiter,1
49_A_WILL_INTERPRETED_BY_ÆSOP,Æsop,4
49_A_WILL_INTERPRETED_BY_ÆSOP,daughters,3
49_A_WILL_INTERPRETED_BY_ÆSOP,mother,3
49_A_WILL_INTERPRETED_BY_ÆSOP,father,3
49_A_WILL_INTERPRETED_BY_ÆSOP,judge,2
49_A_WILL_INTERPRETED_BY_ÆSOP,sisters,2
49_A_WILL_INTERPRETED_BY_ÆSOP,man,2
146_THE_BEAR_AND_THE_AMATEUR_OF_GARDENING,Bear,6
146_THE_BEAR_AND_THE_AMATEUR_OF_GARDENING,Man,5
202_THE_LIONESS_AND_SHEBEAR,Lion,3
202_THE_LIONESS_AND_SHEBEAR,She-Bear,2
202_THE_LIONESS_AND_SHEBEAR,hunter,1
202_THE_LIONESS_AND_SHEBEAR,birds,1
202_THE_LIONESS_AND_SHEBEAR,Mother,1
202_THE_LIONESS_AND_SHEBEAR,beast,2
202_THE_LIONESS_AND_SHEBEAR,gods,1
202_THE_LIONESS_AND_SHEBEAR,Hecuba,1
227_THE_CROW_THE_GAZELLE_THE_TORTOISE_AND_THE_RAT,Iris,5
227_THE_CROW_THE_GAZELLE_THE_TORTOISE_AND_THE_RAT,Rat,7
227_THE_CROW_THE_GAZELLE_THE_TORTOISE_AND_THE_RAT,Gazelle,6
227_THE_CROW_THE_GAZELLE_THE_TORTOISE_AND_THE_RAT,Tortoise,5
227_THE_CROW_THE_GAZELLE_THE_TORTOISE_AND_THE_RAT,Crow,5
227_THE_CROW_THE_GAZELLE_THE_TORTOISE_AND_THE_RAT,Dog,1
227_THE_CROW_THE_GAZELLE_THE_TORTOISE_AND_THE_RAT,Hunter,3
227_THE_CROW_THE_GAZELLE_THE_TORTOISE_AND_THE_RAT,Deer,1
222_THE_CRAB_AND_ITS_DAUGHTER,Mother Crab,2
222_THE_CRAB_AND_ITS_DAUGHTER,Daughter Crab,2
231_THE_LEAGUE_OF_THE_RATS,Mouse,5
231_THE_LEAGUE_OF_THE_RATS,Cat,5
231_THE_LEAGUE_OF_THE_RATS,Rat,4
107_THE_STAG_VIEWING_HIMSELF_IN_THE_STREAM,Stag,5
107_THE_STAG_VIEWING_HIMSELF_IN_THE_STREAM,deer-hound,1
107_THE_STAG_VIEWING_HIMSELF_IN_THE_STREAM,creature,1
144_DEATH_AND_THE_DYING_MAN,Death,10
111_THE_OLD_MAN_AND_THE_ASS,Old Man,4
111_THE_OLD_MAN_AND_THE_ASS,Donkey,2
111_THE_OLD_MAN_AND_THE_ASS,Ass,1
111_THE_OLD_MAN_AND_THE_ASS,beast,1
39_THE_FROGS_WHO_ASKED_FOR_A_KING,Frogs,6
39_THE_FROGS_WHO_ASKED_FOR_A_KING,Jove,1
39_THE_FROGS_WHO_ASKED_FOR_A_KING,King,2
39_THE_FROGS_WHO_ASKED_FOR_A_KING,Log,1
39_THE_FROGS_WHO_ASKED_FOR_A_KING,Crane,1
39_THE_FROGS_WHO_ASKED_FOR_A_KING,Jupiter,2
16_DEATH_AND_THE_UNHAPPY_MAN,Death,5
16_DEATH_AND_THE_UNHAPPY_MAN,Miserable Man,2
225_THE_HAWK_THE_KING_AND_THE_FALCON,Hawk,3
225_THE_HAWK_THE_KING_AND_THE_FALCON,King,5
225_THE_HAWK_THE_KING_AND_THE_FALCON,bird,6
225_THE_HAWK_THE_KING_AND_THE_FALCON,courtiers,4
225_THE_HAWK_THE_KING_AND_THE_FALCON,woodman,2
225_THE_HAWK_THE_KING_AND_THE_FALCON,monarch,2
205_THE_GODS_AS_INSTRUCTORS_OF_JUPITERS_SON,Jupiter,5
205_THE_GODS_AS_INSTRUCTORS_OF_JUPITERS_SON,Flora,1
205_THE_GODS_AS_INSTRUCTORS_OF_JUPITERS_SON,Mars,1
205_THE_GODS_AS_INSTRUCTORS_OF_JUPITERS_SON,Apollo,1
205_THE_GODS_AS_INSTRUCTORS_OF_JUPITERS_SON,Hercules,1
205_THE_GODS_AS_INSTRUCTORS_OF_JUPITERS_SON,Cupid,1
190_THE_MAN_AND_THE_SNAKE,Man,9
190_THE_MAN_AND_THE_SNAKE,Snake,5
190_THE_MAN_AND_THE_SNAKE,Serpent,2
190_THE_MAN_AND_THE_SNAKE,Cow,1
190_THE_MAN_AND_THE_SNAKE,Ox,1
190_THE_MAN_AND_THE_SNAKE,Oak-tree,1
172_THE_APE_AND_THE_LEOPARD,Ape,7
172_THE_APE_AND_THE_LEOPARD,Leopard,6
87_THE_MOUNTAIN_IN_LABOUR,Mouse,2
194_THE_WOLF_AND_THE_PEASANTS,Wolf,8
194_THE_WOLF_AND_THE_PEASANTS,shepherds,3
194_THE_WOLF_AND_THE_PEASANTS,sheep,2
194_THE_WOLF_AND_THE_PEASANTS,lamb,2
194_THE_WOLF_AND_THE_PEASANTS,lambkin,2
194_THE_WOLF_AND_THE_PEASANTS,dogs,1
194_THE_WOLF_AND_THE_PEASANTS,hunters,1
194_THE_WOLF_AND_THE_PEASANTS,peasants,1
194_THE_WOLF_AND_THE_PEASANTS,sheep-dogs,1
194_THE_WOLF_AND_THE_PEASANTS,mother,2
194_THE_WOLF_AND_THE_PEASANTS,father,1
17_THE_WOLF_TURNED_SHEPHERD,Wolf,5
17_THE_WOLF_TURNED_SHEPHERD,Fox,1
17_THE_WOLF_TURNED_SHEPHERD,Shepherd,3
17_THE_WOLF_TURNED_SHEPHERD,Dog,2
17_THE_WOLF_TURNED_SHEPHERD,Sheep,3
38_THE_COCK_AND_THE_FOX,Bird,1
38_THE_COCK_AND_THE_FOX,Fox,3
38_THE_COCK_AND_THE_FOX,Cock,3
38_THE_COCK_AND_THE_FOX,Greyhounds,2
15_SIMONIDES_RESCUED_BY_THE_GODS,The Gods,5
15_SIMONIDES_RESCUED_BY_THE_GODS,The King,1
15_SIMONIDES_RESCUED_BY_THE_GODS,Castor,4
15_SIMONIDES_RESCUED_BY_THE_GODS,Pollux,4
15_SIMONIDES_RESCUED_BY_THE_GODS,Simonides,4
15_SIMONIDES_RESCUED_BY_THE_GODS,The Athlete,4
15_SIMONIDES_RESCUED_BY_THE_GODS,Melpomene,2
15_SIMONIDES_RESCUED_BY_THE_GODS,Fame,2
40_THE_DOG_AND_HER_COMPANION,Dog,5
13_THE_ROBBERS_AND_THE_ASS,Thief,3
13_THE_ROBBERS_AND_THE_ASS,Donkey,2
13_THE_ROBBERS_AND_THE_ASS,Ass,3
30_THE_DOVE_AND_THE_ANT,Dove,4
30_THE_DOVE_AND_THE_ANT,Ant,3
30_THE_DOVE_AND_THE_ANT,Poacher,2
67_THE_WEASEL_IN_THE_GRANARY,Madame Weasel,5
67_THE_WEASEL_IN_THE_GRANARY,Rat,1
59_THE_EYE_OR_THE_MASTER,Stag,5
59_THE_EYE_OR_THE_MASTER,Oxen,5
59_THE_EYE_OR_THE_MASTER,Bullock,1
59_THE_EYE_OR_THE_MASTER,Master,1
